{
  "SolFi": 1896078485.4684975,
  "ZeroFi": 1236791537.978021,
  "OpenBookV2": 951297193.1256242,
  "Orca (Whirlpool)": 690900679.2449659,
  "Meteora": 515918081.16853505,
  "Raydium amm": 420716608.9105422,
  "Raydium CLMM": 309571103.1010272,
  "Obric V2": 246221291.1349011,
  "Jupiter Perps": 245442958.48369187,
  "Raydium CP": 196984124.8543077,
  "stabble Stable Swap": 171406089.1897594,
  "Lifinity v2": 169450294.29389426,
  "Sanctum": 47564140.410101205,
  "Sanctum Infinity": 44674883.594542846,
  "Phoenix": 25178957.7599293,
  "Pump.fun": 10511114.755361494,
  "Perena": 7560083.174919487,
  "Saber swap": 5219888.948085486,
  "Orca V2": 1871817.7306143458,
  "Cropper": 1617385.4955666016,
  "Saber (Decimals)": 1271869.1365874591,
  "Saros": 1084319.7409169518,
  "1DEX": 578468.1461266746,
  "StepN": 507340.35008119006,
  "Bonkswap": 389970.80353668256,
  "Helium Network": 254198.3243320101,
  "Mercurial": 251772.7527126713,
  "Invariant": 245632.36203066242,
  "stabble Weighted Swap": 231548.50025774562,
  "FluxBeam": 151712.02284503484,
  "Mooshot": 81892.3390354438,
  "Guacswap": 76815.33059328533,
  "Aldrin V2": 63876.20124131383,
  "Token Swap": 51659.03001952488,
  "Orca V1": 43162.98845636712,
  "Crema": 9230.329192641842,
  "Oasis": 8144.044306853799,
  "Dexlab": 7339.148700191672,
  "Aldrin": 6016.110938844899,
  "Penguin": 1595.8941557268263,
  "Cropper Legacy": 399.6410305616181,
  "Daos.fun": 81.67385360485999,
  "Token Mill": 8.6447306827
}